Country Name,Indicator Name,1995,1996,1997,1998,1999,2000,2001,2002,2003,2004,2005,2006,2007,2008,2009,2010,2011,2012,2013,2014,2015,2016,2017,2018,2019,2020,2021,2022
Afghanistan,GDP per capita (current US$),,,,,,,,183.53,200.46,221.66,255.06,274.00,375.08,387.85,443.85,554.59,621.91,663.14,651.99,628.15,592.48,520.25,530.15,502.06,500.52,516.87,363.67,
Albania,GDP per capita (current US$),750.60,1009.98,717.38,813.79,1033.24,1126.68,1281.66,1425.12,1846.12,2373.58,2673.79,2972.74,3595.04,4370.54,4114.13,4094.35,4437.14,4247.63,4413.06,4578.63,3952.80,4124.06,4531.03,5287.66,5396.21,5343.04,6377.20,6802.80
Algeria,GDP per capita (current US$),1466.54,1619.53,1634.47,1610.30,1602.86,1780.38,1754.58,1794.81,2117.05,2624.80,3131.33,3500.13,3971.80,4946.56,3898.48,4495.92,5473.28,5610.73,5519.78,5516.23,4197.42,3967.20,4134.94,4171.80,4021.98,3354.16,3700.31,4273.92
Andorra,GDP per capita (current US$),18731.65,19081.54,18253.09,18592.24,18884.17,21620.47,22809.09,24784.96,31954.16,37630.76,39583.93,43084.29,50562.86,53721.41,49750.69,48237.89,51428.20,44902.38,44747.75,45680.53,38885.53,39931.22,40632.23,42904.83,41328.60,37207.22,42072.34,41992.79
Angola,GDP per capita (current US$),399.74,523.31,514.31,423.39,387.69,556.88,527.46,872.66,982.81,1254.70,1900.72,2597.96,3121.35,4081.72,3123.70,3496.78,4511.15,4962.55,5101.98,5059.08,3100.83,1709.52,2283.21,2487.50,2142.24,1502.95,1903.72,2998.50
Antigua and Barbuda,GDP per capita (current US$),8440.03,9079.48,9556.83,10029.48,10379.16,11010.20,10502.94,10549.67,10968.89,11650.85,12808.01,14310.69,16006.14,16457.10,14530.60,13404.52,13117.15,13686.48,13350.15,14004.81,14861.88,15862.65,16110.31,17514.36,18187.78,15284.77,16740.35,18745.17
Argentina,GDP per capita (current US$),7383.70,7690.16,8176.77,8250.67,7735.32,7666.52,7168.98,2579.49,3333.15,4258.16,5086.63,5890.98,7210.60,8977.51,8184.39,10385.96,12848.74,13082.66,13080.25,12334.80,13789.06,12790.26,14613.04,11795.16,9963.67,8496.43,10636.12,13686.01
Armenia,GDP per capita (current US$),441.89,484.09,501.16,584.38,575.63,603.30,676.15,765.32,910.17,1166.64,1608.16,2109.53,3064.28,3908.95,2917.37,3143.03,3462.68,3643.72,3833.16,4017.23,3666.14,3679.95,4042.00,4391.92,4828.50,4505.87,4966.51,7014.21
Aruba,GDP per capita (current US$),17140.43,17375.23,18713.43,19742.32,19833.83,21023.16,20913.30,21377.10,22050.83,24104.65,24975.67,25833.45,27665.43,29011.56,25739.14,24452.93,26044.44,25609.96,26515.68,26942.31,28421.39,28451.27,29326.71,30918.52,31902.76,24487.86,29342.10,
Australia,GDP per capita (current US$),20446.72,22020.08,23645.06,21478.39,20698.71,21853.45,19681.65,20290.78,23705.91,30819.99,34460.54,36570.76,41023.75,49681.22,42810.47,52132.47,62598.69,68047.38,68156.39,62515.31,56708.96,49876.71,53934.15,57206.99,54941.07,51722.07,60444.50,64491.43
Austria,GDP per capita (current US$),30325.85,29809.08,26705.48,27361.88,27183.48,24625.60,24558.76,26527.59,32294.05,36889.23,38417.46,40669.33,46915.34,51919.98,48153.32,46903.76,51442.28,48564.92,50731.13,51786.38,44195.82,45307.59,47429.16,51466.56,50070.40,48809.23,53637.71,52131.45
Azerbaijan,GDP per capita (current US$),314.56,409.19,505.52,561.91,573.89,655.10,703.67,763.11,883.69,1045.01,1578.37,2472.96,3851.33,5574.47,4950.40,5843.53,7189.82,7495.86,7875.34,7890.84,5500.50,3880.69,4147.20,4739.80,4805.75,4229.91,5408.05,7736.70
Bahamas. The,GDP per capita (current US$),11447.02,11835.39,20415.71,21665.39,23991.70,24849.61,25234.14,26590.14,26204.88,26393.41,28280.87,28829.85,29687.87,29013.63,27120.69,27046.66,26644.93,28059.66,27389.60,28720.66,29724.95,29675.54,30708.99,31483.98,32279.01,23998.27,28260.43,31458.30
Bahrain,GDP per capita (current US$),9543.39,9643.31,9728.45,9195.43,9566.10,12738.77,12291.83,12820.00,14230.30,15777.96,17705.24,19057.80,20883.55,23155.82,19448.18,21186.81,23741.56,25102.73,25790.73,25464.76,22795.45,22867.18,24349.91,25415.85,25869.11,23433.19,26860.07,30152.03
Bangladesh,GDP per capita (current US$),322.09,387.38,395.32,401.97,404.49,413.10,410.05,407.96,440.71,469.12,492.81,503.54,552.34,630.11,698.52,776.86,856.38,876.82,973.77,1108.51,1236.00,1659.96,1815.61,1963.41,2122.08,2233.31,2457.92,2688.30
Barbados,GDP per capita (current US$),8451.96,8994.32,9491.48,10685.26,11173.95,11560.25,11510.04,11658.63,11998.18,12828.44,14173.75,15595.64,17219.05,17550.66,16310.46,16489.80,16907.21,16691.33,16893.61,16924.19,16990.22,17343.73,17843.20,18224.89,19002.96,16643.81,17225.46,20018.52
Belarus,GDP per capita (current US$),1370.70,1452.51,1396.44,1511.33,1210.61,1276.29,1244.37,1479.38,1819.53,2378.34,3126.07,3848.22,4735.48,6376.18,5352.49,6034.68,6527.65,6953.22,7998.08,8341.29,5967.07,5039.78,5785.53,6360.05,6837.77,6542.86,7489.72,7904.86
Belgium,GDP per capita (current US$),28413.83,27489.56,24820.94,25338.44,25252.80,23098.89,23015.07,25006.19,30655.21,35429.41,36809.70,38705.11,44319.17,48303.40,44760.29,44184.95,47410.57,44670.56,46757.95,47764.07,41008.30,42012.62,44198.48,47544.98,46641.71,45517.90,51268.39,49582.83
Belize,GDP per capita (current US$),4021.01,4057.85,3997.84,4063.90,4189.35,4642.15,4687.63,4816.65,4916.70,5106.05,5212.66,5475.72,5707.11,5656.41,5349.00,5397.29,5521.37,5645.90,5887.93,6068.09,6142.48,6148.71,6100.99,6059.16,6210.57,5266.88,6228.27,6968.36
Benin,GDP per capita (current US$),358.82,380.59,355.14,372.88,541.70,503.00,508.35,564.38,698.41,784.12,805.90,837.13,944.64,1098.95,1061.72,1009.49,1099.41,1112.57,1214.30,1251.50,1041.65,1049.82,1095.27,1194.44,1170.97,1237.95,1361.10,1303.22
Bermuda,GDP per capita (current US$),33989.72,44826.79,48478.88,51371.74,54245.46,56284.17,58883.96,62583.10,66111.73,70359.32,75882.03,95221.86,104287.39,106935.49,101407.76,101875.28,97774.16,98431.87,99471.64,98467.68,102005.63,106885.88,111820.58,113050.74,116153.17,107791.89,111774.67,118845.62
Bhutan,GDP per capita (current US$),550.66,564.49,644.09,652.36,699.33,722.83,765.01,841.37,951.74,1050.13,1201.43,1299.63,1714.03,1780.11,1768.75,2194.13,2491.27,2470.07,2409.44,2589.90,2695.64,2879.55,3240.71,3210.71,3303.96,3009.93,3266.36,
Bolivia,GDP per capita (current US$),856.37,925.85,973.96,1025.41,981.75,977.33,930.88,888.20,892.36,951.95,1018.31,1200.07,1351.04,1687.58,1725.15,1922.06,2304.98,2562.47,2853.80,3022.46,2975.65,3013.50,3280.01,3471.01,3472.38,3068.81,3345.20,3523.27
Bosnia and Herzegovina,GDP per capita (current US$),497.68,712.95,907.15,1000.42,1128.40,1332.21,1382.77,1602.56,2031.40,2451.58,2741.08,3170.17,3936.93,4846.79,4542.31,4506.93,4980.91,4688.35,5025.24,5196.97,4654.61,4917.26,5327.39,6024.49,6094.72,6095.10,7230.20,7585.38
Botswana,GDP per capita (current US$),3064.59,3063.99,3100.17,2893.33,3242.14,3351.70,3115.68,3029.79,4111.74,4818.21,5240.32,5142.91,5372.34,5345.85,4938.25,6041.73,7080.78,6392.99,6436.60,6844.03,5869.74,6411.55,6705.34,6947.82,6691.16,5875.07,7238.80,7737.65
Brazil,GDP per capita (current US$),4704.96,5121.91,5240.13,5049.77,3456.42,3726.81,3142.24,2824.72,3056.65,3623.22,4773.27,5866.02,7323.19,8801.76,8569.90,11249.29,13200.56,12327.52,12258.56,12071.40,8783.21,8680.74,9896.72,9121.02,8845.32,6923.70,7696.79,8917.67
Brunei,GDP per capita (current US$),15827.99,16706.47,16593.43,12653.81,14065.70,17971.89,16437.43,16817.24,18521.36,21839.26,25991.21,30767.75,32337.28,37427.55,27497.54,34609.70,46139.11,46844.20,43950.06,41035.77,30681.44,26762.04,28186.98,31241.02,30748.32,27179.34,31448.91,37152.47
Bulgaria,GDP per capita (current US$),2259.26,1470.20,1361.41,1820.45,1659.72,1621.26,1770.91,2092.98,2719.49,3389.69,3899.83,4523.15,5888.78,7271.31,6988.27,6862.76,7856.99,7431.01,7686.63,7912.52,7081.10,7574.19,8386.59,9451.85,9878.77,10153.48,12222.24,13772.48
Burkina Faso,GDP per capita (current US$),229.83,243.53,224.61,250.41,293.89,249.80,260.44,286.75,363.82,405.45,442.94,457.34,516.75,621.89,603.88,627.27,727.61,733.97,762.30,767.37,632.13,665.79,711.18,779.20,772.17,833.24,893.08,832.88
Burundi,GDP per capita (current US$),168.63,146.54,164.23,148.09,130.75,138.00,135.61,124.14,114.37,128.54,151.19,166.28,170.71,194.71,204.54,222.66,236.45,238.21,241.55,257.82,289.36,242.54,244.15,232.06,216.97,216.83,221.16,238.44
Cambodia,GDP per capita (current US$),315.14,313.58,301.22,267.41,295.59,301.52,322.90,341.04,364.28,410.09,475.07,539.75,629.92,742.40,734.82,782.70,880.31,950.48,1015.22,1098.07,1170.74,1281.11,1400.90,1533.32,1671.39,1577.91,1625.24,1786.56
Cameroon,GDP per capita (current US$),822.36,817.18,773.93,789.27,786.85,700.16,706.98,780.27,976.52,1119.98,1129.36,1177.97,1311.00,1476.01,1445.86,1383.81,1497.93,1433.72,1559.14,1631.71,1399.68,1426.07,1479.86,1594.06,1538.69,1539.13,1666.93,1588.48
Canada,GDP per capita (current US$),20678.95,21296.63,21901.59,21024.51,22315.17,24271.00,23821.45,24255.34,28300.46,32143.68,36382.51,40504.06,44659.90,46710.51,40876.31,47562.08,52223.70,52669.09,52635.17,50956.00,43596.14,42315.60,45129.43,46547.80,46374.15,43349.68,52358.62,54966.49
Cape Verde,GDP per capita (current US$),1184.18,1192.33,1139.22,1185.58,1317.57,1176.71,1208.46,1311.21,1693.98,1900.89,1972.78,2220.10,3268.31,3839.86,3592.32,3500.98,3880.07,3583.46,3757.66,3739.28,3169.08,3312.70,3534.34,3860.45,3928.31,3223.74,3557.84,3902.59
Cayman Islands,GDP per capita (current US$),,,,,,,,,,,,87184.51,89960.68,89704.22,81398.32,76873.20,75435.62,75466.14,75685.36,76610.65,77295.85,78858.28,81255.11,85231.78,89846.32,83897.51,88475.60,
Central African Republic,GDP per capita (current US$),340.40,299.62,271.14,272.10,273.43,243.88,242.58,253.41,283.68,309.19,317.88,340.41,388.48,446.23,452.92,459.78,515.21,525.87,352.23,394.86,351.88,372.14,414.74,435.93,426.41,435.47,461.14,427.06
Chad,GDP per capita (current US$),209.89,223.23,207.32,226.33,192.27,168.12,200.36,225.95,298.25,460.07,664.60,716.67,806.71,936.49,808.16,896.88,988.19,969.62,980.08,1017.79,774.41,691.98,662.90,720.27,701.62,643.77,685.69,716.80
Chile,GDP per capita (current US$),5094.51,5376.15,5788.86,5467.57,4981.19,5097.11,4606.89,4479.18,4824.22,6185.51,7561.83,9418.06,10461.37,10783.17,10182.86,12767.78,14628.57,15406.49,15833.28,14666.34,13569.95,13785.69,15045.53,15795.71,14627.15,13165.39,16247.40,15355.51
China,GDP per capita (current US$),609.60,709.42,781.74,828.59,873.30,959.36,1053.11,1148.51,1288.64,1508.67,1753.41,2099.22,2693.96,3468.33,3832.23,4550.47,5614.39,6300.58,7020.39,7636.07,8016.45,8094.39,8817.05,9905.41,10143.86,10408.72,12617.50,12720.22
Colombia,GDP per capita (current US$),2571.47,2652.10,2860.04,2595.54,2236.07,2546.85,2465.01,2421.16,2305.17,2811.46,3448.54,3782.60,4762.08,5534.69,5245.95,6392.76,7392.94,8096.80,8263.64,8167.47,6228.65,5936.26,6449.97,6782.04,6436.51,5304.29,6182.71,6630.28
Comoros,GDP per capita (current US$),823.68,801.26,721.63,717.32,726.49,654.18,691.04,761.95,959.23,1090.43,1103.20,1155.09,1289.79,1454.65,1409.11,1384.06,1526.83,1483.95,1595.99,1608.69,1322.94,1357.27,1414.59,1531.34,1510.80,1519.59,1577.47,1484.89
Congo. Dem. Rep.,GDP per capita (current US$),130.38,130.82,135.89,135.48,99.76,392.63,148.45,168.94,167.98,187.86,211.57,247.54,277.61,317.89,290.16,324.83,376.37,412.78,444.86,472.27,482.06,456.03,451.09,546.21,575.88,524.67,577.21,586.46
Congo. Rep.,GDP per capita (current US$),771.61,902.05,807.89,663.73,780.59,1029.96,859.44,910.87,1023.09,1314.41,1810.59,2116.87,2219.91,2848.65,2283.95,2962.76,3415.06,3753.86,3719.65,3622.53,2347.82,1970.25,2088.50,2512.38,2288.81,1838.45,2290.38,2447.99
Costa Rica,GDP per capita (current US$),3240.71,3194.11,3373.41,3580.93,3653.75,3773.03,3941.60,4021.43,4123.51,4376.08,4643.46,5188.36,6055.09,6841.91,6737.86,8147.24,9137.46,9971.65,10633.27,10737.68,11529.96,11899.81,12118.13,12383.15,12669.34,12179.26,12537.26,13198.82
Cote d'Ivoire,GDP per capita (current US$),769.26,1220.12,1176.85,1237.13,1154.48,986.78,974.78,1020.95,1173.06,1267.76,1267.09,1303.56,1451.23,1683.34,1638.80,1654.18,1701.70,1649.30,1903.05,2124.02,1941.58,1999.20,2113.34,2295.54,2290.79,2349.07,2613.38,2486.41
Croatia,GDP per capita (current US$),4930.34,5298.89,5330.33,5711.49,5267.51,4952.38,5364.01,6219.47,8192.32,9723.38,10446.36,11489.39,13728.52,15857.71,14387.66,13664.21,14623.99,13410.82,13949.12,13970.98,12071.09,12550.71,13562.14,15003.14,15086.21,14236.54,17747.79,18413.23
Cuba,GDP per capita (current US$),2784.90,2281.98,2306.38,2332.51,2562.27,2752.20,2844.24,3007.19,3205.69,3403.30,3791.87,4336.87,4814.85,4992.82,5094.44,5275.53,6106.01,6467.34,6814.24,7117.53,7683.76,8055.89,8543.36,8831.91,9139.42,9499.59,,
Cyprus,GDP per capita (current US$),15261.41,15139.23,14234.24,15092.83,15287.92,14388.35,14821.45,16093.21,20252.24,23792.62,24959.26,26729.32,31244.93,35397.36,32109.24,31105.03,32485.80,28991.93,27797.45,27244.34,23487.22,24715.14,26697.01,29419.89,29417.92,28035.98,31552.04,31283.51
Czech Republic,GDP per capita (current US$),5823.97,6532.91,6034.52,6489.71,6337.41,6028.58,6637.11,8060.89,9818.57,11749.88,13430.66,15261.81,18466.58,22804.62,19861.70,19960.07,21871.27,19870.80,20133.17,19890.92,17829.70,18575.23,20636.20,23424.48,23664.85,22992.88,26822.51,27638.37
Denmark,GDP per capita (current US$),35351.58,35650.89,32836.14,33368.01,33440.60,30743.38,30751.59,33228.63,40458.94,46511.93,48799.74,52027.19,58487.05,64321.67,58163.64,58041.40,61753.65,58507.51,61191.19,62548.98,53254.86,54664.00,57610.10,61591.93,59592.98,60915.42,68007.76,66983.13
Djibouti,GDP per capita (current US$),790.52,766.32,752.75,740.04,745.21,742.87,747.78,749.08,771.37,813.90,852.89,907.82,980.03,1131.64,1164.25,1227.82,1322.73,1418.46,2102.20,2239.11,2409.31,2545.74,2655.73,2755.84,2876.04,2918.00,3050.31,3136.11
Dominica,GDP per capita (current US$),3967.03,4225.85,4385.99,4676.83,4829.24,4879.15,4991.76,4881.14,5016.09,5354.80,5304.13,5677.05,6126.85,6661.47,7109.98,7182.40,7288.50,7054.88,7240.68,7498.92,7724.04,8223.04,7408.09,7833.20,8561.59,7003.47,7668.16,8414.54
Dominican Republic,GDP per capita (current US$),2114.09,2276.70,2456.11,2616.75,2631.74,2845.85,2953.25,3085.52,2399.50,2468.44,3903.82,4080.05,4676.08,5053.33,5002.15,5509.57,5859.38,6049.47,6171.30,6533.67,6838.94,7191.07,7513.50,7947.16,8173.34,7167.91,8476.75,10120.55
East Timor,GDP per capita (current US$),,,,,,417.92,534.65,516.15,529.22,465.93,476.92,456.29,532.49,621.71,682.17,810.14,936.60,1019.96,1201.42,1221.53,1322.30,1347.93,1283.53,1239.37,1584.26,1660.31,2741.39,2358.41
Ecuador,GDP per capita (current US$),2113.26,2142.33,2349.22,2293.66,1582.76,1451.53,1904.81,2184.21,2438.34,2703.57,3014.31,3340.84,3579.03,4260.43,4240.70,4640.25,5202.66,5678.46,6050.35,6374.63,6130.59,6079.09,6246.40,6321.35,6233.26,5645.20,5965.13,6391.28
Egypt. Arab Rep.,GDP per capita (current US$),937.54,1031.49,1170.80,1239.35,1297.57,1398.86,1327.10,1144.53,1056.94,1016.25,1133.11,1332.34,1586.47,1941.90,2212.22,2509.77,2645.62,3059.14,3088.89,3196.86,3370.38,3331.61,2439.97,2531.20,3017.26,3571.56,3886.72,4295.41
El Salvador,GDP per capita (current US$),1552.13,1653.63,1749.50,1858.37,1904.87,1977.84,2051.16,2106.74,2197.48,2273.96,2434.32,2651.43,2814.59,2964.17,2889.69,3017.31,3304.97,3471.05,3555.16,3638.52,3761.51,3870.31,3986.05,4145.86,4280.29,3961.73,4664.31,5127.32
Eritrea,GDP per capita (current US$),267.94,306.32,299.57,320.97,292.35,295.20,305.60,286.30,327.98,401.37,387.90,420.53,450.41,459.18,602.06,504.97,643.79,,,,,,,,,,,
Estonia,GDP per capita (current US$),3134.39,3380.93,3682.95,4093.39,4140.94,4070.61,4505.86,5341.63,7203.52,8914.10,10412.64,12639.40,16744.58,18204.97,14711.74,14663.04,17487.80,17403.21,19056.00,20261.07,17402.04,18295.34,20437.77,23165.85,23424.48,23595.24,27943.70,28332.63
Eswatini,GDP per capita (current US$),1781.71,1646.22,1732.77,1568.82,1519.97,1686.66,1481.16,1362.97,2075.56,2599.15,2964.97,3053.93,3200.51,3022.46,3270.14,4035.53,4360.96,4396.58,4111.13,3928.52,3583.31,3339.99,3824.05,4021.45,3818.54,3372.90,3982.91,4039.52
Ethiopia(excludes Eritrea),GDP per capita (current US$),133.34,144.03,140.27,123.83,118.33,122.96,119.26,110.46,117.86,134.54,160.08,191.75,240.35,320.86,373.89,335.44,348.00,458.55,490.79,557.53,630.31,705.62,755.75,758.30,840.45,918.65,925.00,1027.59
Faeroe Islands,GDP per capita (current US$),,,,24623.74,24947.12,23370.77,25089.59,27238.02,31691.88,35940.96,36440.32,41762.69,48365.74,51431.97,47410.96,48167.67,51786.49,50157.06,55560.14,60126.13,52726.69,56833.91,59328.23,62576.80,63382.75,61979.80,69010.17,
Fiji,GDP per capita (current US$),2486.98,2672.44,2597.93,2031.03,2351.72,2015.86,1964.13,2157.08,2680.27,3124.61,3406.48,3483.60,3793.10,3928.92,3184.69,3469.15,4160.72,4359.79,4586.96,5305.06,5105.19,5368.43,5825.20,6073.40,5968.32,4864.11,4646.54,5316.66
Finland,GDP per capita (current US$),26271.60,25783.45,24691.87,26009.27,26186.19,24345.91,24967.79,26997.75,32927.68,37772.18,39054.85,41222.60,48476.39,53772.79,47481.48,46505.30,51148.93,47708.06,49892.22,50327.24,42801.91,43814.03,46412.14,49987.63,48629.86,49169.72,53489.75,50536.62
Fm Sudan,GDP per capita (current US$),483.70,307.82,388.81,366.12,339.28,378.16,471.37,529.45,607.01,737.12,945.69,1179.90,1500.67,1585.58,1382.62,1706.41,1982.82,1797.40,1834.56,2076.00,2226.41,2614.29,3188.77,769.87,748.01,608.33,749.71,1102.15
France,GDP per capita (current US$),26889.43,26870.29,24226.88,24971.57,24678.39,22416.43,22449.34,24288.27,29627.92,33797.16,34768.18,36470.21,41557.62,45515.96,41737.76,40676.06,43846.47,40870.85,42602.72,43068.55,36652.92,37062.53,38781.05,41557.85,40494.90,39055.28,43658.98,40963.84
French Polynesia,GDP per capita (current US$),18090.59,17713.72,15741.81,16070.30,15847.93,14346.19,14012.24,15302.35,18724.49,20829.07,21047.19,21382.24,23837.82,25437.67,23326.09,21447.86,21747.99,19864.54,20941.52,21223.08,18252.51,18726.64,19743.96,20614.89,20093.21,18984.62,19999.08,
Gabon,GDP per capita (current US$),4419.79,4948.75,4514.99,3705.82,3758.16,3991.16,3844.56,3976.65,4724.25,5483.14,6570.96,6873.45,8036.92,9732.23,7325.91,8399.60,10273.80,9348.51,9250.08,9255.37,7090.45,6722.20,6975.70,7694.91,7523.86,6680.08,8635.80,8820.35
Gambia. The,GDP per capita (current US$),632.77,663.17,610.20,619.59,583.40,544.62,464.64,379.86,310.96,596.63,618.96,615.97,725.09,857.86,772.12,796.63,705.48,686.56,647.39,561.65,611.67,640.68,632.00,683.32,722.88,704.03,772.15,840.01
Georgia,GDP per capita (current US$),578.34,689.06,807.03,851.52,673.54,749.91,801.98,853.53,1010.03,1305.05,1642.78,1996.02,2635.37,3324.75,2822.69,3233.22,4021.75,4421.93,4623.88,4739.28,4014.11,4062.13,4356.93,4722.04,4696.15,4255.74,5023.27,6627.71
Germany,GDP per capita (current US$),31658.35,30485.87,26964.05,27289.06,26734.94,23694.76,23628.33,25197.27,30310.36,34106.66,34520.24,36353.88,41640.08,45612.71,41650.37,41572.46,46705.90,43855.85,46298.92,48023.87,41103.26,42136.12,44652.59,47939.28,46793.69,46772.83,51203.55,48432.46
Ghana,GDP per capita (current US$),370.69,388.53,377.24,399.80,402.47,253.38,263.17,297.05,357.85,405.42,477.60,904.17,1047.20,1178.96,1044.01,1258.96,1501.06,1536.62,2282.41,1942.92,1711.27,1900.40,1998.72,2180.03,2167.93,2176.58,2410.88,2175.86
Greece,GDP per capita (current US$),12959.32,13749.12,13427.83,13472.14,13249.66,12072.93,12549.04,14177.57,18518.38,21995.48,22560.15,24821.94,28863.97,32127.98,29828.76,26716.65,25483.88,21913.00,21787.79,21616.71,18083.88,17923.97,18582.09,19756.99,19144.28,17658.95,20192.60,20732.05
Greenland,GDP per capita (current US$),21665.83,21422.46,19145.61,20496.58,20170.32,19004.00,19275.43,20652.84,27459.87,32023.68,32489.73,35458.25,39780.95,44366.79,44918.84,43988.53,47186.88,45936.96,47535.49,50485.23,44536.36,48181.87,50765.70,54545.30,53309.58,54693.51,57116.41,
Grenada,GDP per capita (current US$),3288.22,3499.53,3715.72,4198.72,4512.22,4840.68,4821.78,4992.44,5435.15,5470.60,6308.67,6295.28,6790.63,7343.45,6810.44,6760.97,6775.75,6900.77,7205.25,7726.38,8379.62,8849.51,9309.26,9574.31,9887.92,8437.54,9010.51,10016.21
Guatemala,GDP per capita (current US$),1424.68,1487.61,1649.00,1755.85,1619.51,1664.31,1550.36,1682.99,1737.88,1859.10,2068.49,2251.08,2490.75,2802.45,2651.83,2852.56,3228.04,3355.03,3522.77,3779.63,3994.63,4173.28,4454.02,4485.75,4647.81,4609.90,5029.48,5473.21
Guinea,GDP per capita (current US$),494.58,503.57,482.44,448.97,423.40,359.29,335.01,343.93,392.88,405.70,321.34,452.28,657.99,712.10,670.26,667.28,644.50,707.97,757.69,774.57,756.43,720.47,843.46,944.42,1043.90,1073.66,1189.18,1531.66
Guinea-Bissau,GDP per capita (current US$),227.32,237.08,231.02,174.36,186.04,301.50,312.25,324.97,362.91,395.00,425.47,418.90,480.44,583.27,543.56,542.28,683.53,598.57,616.16,605.12,585.96,642.67,718.25,781.64,730.61,710.26,795.12,775.83
Guyana,GDP per capita (current US$),826.97,936.08,991.96,948.24,916.55,938.89,937.30,955.03,976.99,1036.02,1085.78,3138.08,3609.91,4011.39,4213.82,4589.87,4960.00,5461.39,5576.25,5495.38,5668.43,5905.38,6220.98,6094.91,6477.30,6863.07,9998.54,18989.79
Honduras,GDP per capita (current US$),919.94,872.58,933.76,1009.16,990.30,1079.61,1118.94,1119.42,1142.81,1201.25,1289.82,1409.58,1559.89,1713.42,1762.35,1874.27,2053.96,2107.35,2064.55,2164.42,2257.23,2295.54,2403.31,2457.69,2519.37,2354.12,2771.72,3040.17
Hong Kong. China,GDP per capita (current US$),23497.39,24818.30,27330.09,25808.86,25091.67,25756.77,25230.38,24665.84,23977.17,24928.10,26649.64,28224.09,30593.95,31515.53,30697.54,32550.14,35142.49,36730.80,38403.78,40315.37,42432.16,43734.20,46160.43,48537.57,48359.00,46109.23,49764.79,48983.62
Hungary,GDP per capita (current US$),4494.71,4525.04,4596.18,4744.21,4793.48,4624.28,5276.03,6655.33,8419.43,10301.70,11223.40,11489.56,13940.91,15772.33,13077.31,13217.50,14234.47,12984.84,13715.07,14294.26,12717.04,13104.70,14621.24,16425.21,16786.21,16125.61,18772.14,18463.21
Iceland,GDP per capita (current US$),26633.61,27614.88,27919.19,31030.04,32381.63,32096.37,28897.44,32409.23,39476.71,47334.95,56794.88,57492.93,69495.73,56943.36,41301.28,43237.07,47714.59,45995.55,49804.98,54576.74,52951.68,61987.93,72010.15,74452.19,68403.14,58813.80,68594.01,72902.98
India,GDP per capita (current US$),373.63,399.58,414.90,412.51,440.96,442.03,449.91,468.84,543.84,624.11,710.51,802.01,1022.73,993.50,1096.64,1350.63,1449.60,1434.02,1438.06,1559.86,1590.17,1714.28,1957.97,1974.38,2050.16,1913.22,2238.13,2388.62
Indonesia,GDP per capita (current US$),1020.15,1129.09,1054.35,459.19,663.52,770.87,739.00,888.90,1052.41,1136.76,1249.40,1572.80,1840.33,2144.39,2239.10,3094.44,3613.80,3668.21,3602.89,3476.62,3322.58,3558.82,3839.79,3902.66,4151.23,3895.62,4334.22,4788.00
Iran. Islamic Rep.,GDP per capita (current US$),1585.98,1954.66,1823.27,1737.70,1765.78,1672.02,1902.95,1910.48,2259.52,2751.79,3226.61,3736.18,4838.00,5623.91,5602.56,6458.57,8201.58,8329.00,6280.68,5757.54,4990.94,5497.24,5758.59,3829.83,3276.75,2746.42,4084.20,4387.83
Iraq,GDP per capita (current US$),615.50,482.16,929.88,894.33,1548.30,1963.72,1422.83,1254.16,809.85,1314.76,1740.67,2253.55,3099.59,4504.51,3686.40,4430.43,5736.90,6437.50,6612.90,6215.99,4416.94,4305.20,4725.19,5601.47,5621.18,4251.34,4770.84,5937.20
Ireland,GDP per capita (current US$),19158.46,20835.90,22551.11,24294.85,26338.11,26334.57,28282.41,32705.43,41203.53,47754.20,50933.02,54329.16,61396.42,61353.11,52133.09,48663.60,52183.13,49054.70,51546.35,55643.06,62053.98,62895.91,69970.95,79250.39,80927.07,85420.19,100172.08,104038.95
Israel,GDP per capita (current US$),18916.73,20117.30,20366.88,20106.76,19742.44,21630.57,20909.68,19035.00,19627.03,20557.16,21223.94,22494.60,25633.75,30173.18,28316.79,31266.61,34354.72,33156.23,36941.84,38259.68,36206.52,37690.47,41114.78,42406.85,44452.23,44846.79,52166.81,54659.75
Italy,GDP per capita (current US$),20664.55,23081.60,21829.35,22318.14,22005.05,20137.59,20500.95,22376.30,27526.32,31317.20,32055.09,33529.73,37870.75,40944.91,37226.76,36035.64,38649.64,35051.52,35560.08,35565.72,30242.39,30960.73,32406.72,34622.17,33673.75,31918.69,35770.05,34157.99
Jamaica,GDP per capita (current US$),2621.18,2919.15,3287.75,3410.43,3423.01,3447.30,3502.21,3683.89,3557.20,3819.28,4200.39,4435.57,4738.45,5056.26,4452.12,4835.79,5259.93,5365.24,5143.72,4991.56,5077.55,5022.70,5273.15,5594.49,5626.17,4897.26,5183.58,6047.22
Japan,GDP per capita (current US$),44197.63,39150.06,35638.24,32423.76,36610.17,39169.36,34406.17,32820.79,35387.05,38298.98,37812.89,35991.54,35779.02,39876.31,41309.00,44968.16,48760.08,49145.28,40898.65,38475.40,34960.64,39375.47,38834.05,39751.13,40415.96,39986.93,39827.13,33815.32
Jordan,GDP per capita (current US$),1509.04,1503.14,1530.70,1633.28,1646.19,1673.36,1738.38,1816.41,1889.44,2062.70,2216.95,2478.29,2643.17,3416.13,3618.89,3914.70,4152.49,4386.46,4477.62,4255.89,4064.25,4003.40,4073.12,4146.41,4159.67,3987.65,4046.93,4204.51
Kazakhstan,GDP per capita (current US$),1288.19,1350.31,1445.50,1468.67,1130.12,1229.00,1490.93,1658.03,2068.12,2874.29,3771.28,5291.57,6771.42,8458.02,7165.22,9070.49,11634.00,12386.70,13890.63,12807.26,10510.77,7714.84,9247.58,9812.63,9812.60,9121.64,10373.79,11243.67
Kenya,GDP per capita (current US$),336.57,436.20,462.40,483.71,430.37,411.82,408.36,401.09,441.39,462.62,522.78,699.40,840.19,916.00,1049.12,1093.64,1099.32,1289.78,1376.83,1489.92,1496.65,1562.08,1675.99,1845.78,1970.08,1936.25,2069.66,2099.30
Kiribati,GDP per capita (current US$),691.41,803.04,801.09,761.42,790.87,757.13,697.00,781.36,956.83,1063.88,1142.34,1101.46,1300.76,1356.65,1249.30,1438.08,1644.41,1698.92,1628.64,1546.88,1459.14,1506.23,1566.45,1607.23,1410.02,1403.99,1766.14,1701.97
Korea. Rep.,GDP per capita (current US$),12564.78,13403.05,12398.48,8281.70,10672.42,12256.99,11561.25,13165.07,14672.86,16496.12,19402.50,21743.48,24086.41,21350.43,19143.85,23087.23,25096.26,25466.76,27182.73,29249.58,28732.23,29288.87,31616.84,33436.92,31902.42,31721.30,34997.78,32254.62
Kuwait,GDP per capita (current US$),16424.99,18488.87,17230.06,14258.37,16044.51,19493.91,17517.73,18626.76,22781.12,27601.40,36144.99,42970.66,45729.81,55595.41,37906.15,39212.64,49010.32,51271.15,47762.72,43239.81,29315.20,27026.65,29258.29,32012.14,30666.22,24297.70,32186.77,43233.49
Kyrgyz Republic,GDP per capita (current US$),364.23,394.86,376.43,345.14,258.05,279.62,308.41,321.73,380.51,433.23,476.55,543.11,721.77,966.39,871.22,880.04,1123.88,1177.98,1282.44,1279.77,1121.08,1120.67,1242.77,1308.14,1374.03,1182.52,1306.18,1606.67
Lao PDR,GDP per capita (current US$),357.90,371.47,339.19,243.99,272.36,318.77,320.42,313.62,355.65,410.25,467.38,581.01,699.04,887.64,936.79,1127.84,1363.73,1566.01,1815.44,1984.51,2125.46,2309.05,2439.46,2553.36,2598.51,2593.36,2535.62,2088.38
Latvia,GDP per capita (current US$),2329.58,2431.71,2683.24,2973.53,3151.58,3361.64,3578.00,4136.93,5145.20,6378.67,7594.90,9723.45,14113.53,16467.14,12331.93,11420.99,13338.96,13847.34,15007.49,15742.39,13786.46,14331.75,15695.12,17865.03,17945.22,18207.14,21080.18,21851.11
Lebanon,GDP per capita (current US$),2959.56,3393.50,3834.86,4127.32,4091.99,3994.86,4021.18,4307.10,4458.11,4625.30,4630.01,4665.96,5162.03,5957.70,7149.79,7695.25,7914.11,8500.18,8255.21,7665.38,7802.75,8172.30,8679.90,9225.85,8925.42,5599.96,4136.15,
Lesotho,GDP per capita (current US$),518.02,483.92,505.94,467.59,457.70,443.95,412.96,388.37,580.94,761.18,850.78,910.62,848.02,885.62,866.45,1104.80,1265.86,1205.86,1141.36,1165.05,1113.87,986.27,1062.71,1162.98,1094.50,939.50,1040.31,1107.40
Libya,GDP per capita (current US$),5396.38,5785.11,6262.49,5471.09,7112.67,7424.35,6465.62,3789.21,4738.83,5823.64,8108.05,10060.36,11158.11,13921.90,9560.80,11611.36,7784.13,15765.42,12589.53,9408.75,7867.52,7945.01,10529.12,11838.30,10542.43,7034.66,5908.95,6716.10
Lithuania,GDP per capita (current US$),2167.79,2327.43,2830.28,3166.67,3113.18,3293.23,3525.79,4141.59,5499.43,6700.33,7854.77,9230.71,12285.45,14945.00,11820.78,11987.51,14376.95,14367.71,15729.65,16551.02,14263.96,15008.31,16885.41,19186.36,19598.40,20363.92,23712.54,24826.79
Luxembourg,GDP per capita (current US$),51032.35,50444.36,46641.64,47445.38,50872.45,48659.60,48440.14,53005.73,65689.32,76544.92,80988.14,90788.80,107475.32,120422.14,109419.75,110885.99,119025.06,112584.68,120000.14,123678.70,105462.01,106899.29,110193.21,116786.51,112621.82,117370.50,133590.15,126426.09
Macao,GDP per capita (current US$),17764.55,17751.54,17652.59,16232.53,15387.53,15684.78,15622.70,16393.74,17828.95,22381.92,24886.58,29637.77,35782.86,39745.76,39754.97,50676.39,64528.36,74111.61,86853.47,90873.60,73220.63,71919.05,78985.63,84923.31,83183.47,37646.50,43873.42,31617.50
Madagascar,GDP per capita (current US$),276.74,344.46,288.45,288.64,271.94,285.47,325.46,310.93,359.53,277.51,311.79,330.52,427.84,522.83,455.41,459.38,516.90,504.17,526.69,517.14,455.64,464.62,503.50,512.54,512.28,462.40,503.35,505.04
Malawi,GDP per capita (current US$),201.10,321.96,368.68,237.37,235.51,225.95,217.24,431.70,386.32,407.59,417.10,443.52,478.03,557.52,630.11,688.14,769.05,563.06,501.20,534.13,544.28,454.44,500.17,537.93,584.36,622.18,633.61,645.16
Malaysia,GDP per capita (current US$),4405.12,4874.82,4706.31,3308.84,3538.36,4087.56,3941.12,4177.10,4454.53,4924.34,5536.84,6137.15,7144.00,8343.30,7167.88,8880.15,10209.37,10601.51,10727.67,11045.58,9699.58,9555.65,9979.70,11073.98,11132.10,10160.83,11109.27,11971.93
Maldives,GDP per capita (current US$),1545.22,1707.02,1889.03,1972.62,2118.72,2209.99,3028.05,3069.04,3539.80,4060.53,3789.23,5010.16,5746.64,6743.13,6719.33,7158.06,7409.33,7447.42,8222.56,8872.13,9434.31,9640.32,10063.00,10823.61,11118.53,7282.37,10366.26,11817.52
Mali,GDP per capita (current US$),272.80,274.42,260.36,274.97,315.17,263.50,299.41,326.97,381.95,427.72,474.00,506.91,579.26,676.13,680.65,688.33,810.18,753.39,778.80,818.43,723.50,750.05,795.68,856.36,840.18,822.91,881.51,833.30
Malta,GDP per capita (current US$),9171.06,9438.56,9724.34,10273.45,10720.91,11083.01,11081.01,11853.19,13772.22,15243.16,15866.14,16723.88,19485.95,22205.28,21083.13,21798.90,23155.11,22526.66,24769.45,26753.26,24921.68,25623.86,28823.35,31566.36,31506.56,29196.98,34218.21,33940.95
Mauritania,GDP per capita (current US$),878.75,877.83,834.04,796.84,757.81,660.30,632.21,629.78,711.38,801.78,974.66,1272.08,1378.22,1610.24,1418.94,1646.13,1919.45,1850.38,1929.78,1715.39,1562.73,1579.20,1634.64,1749.95,1839.96,1868.47,2166.04,2190.70
Mauritius,GDP per capita (current US$),3599.55,3899.44,3646.64,3593.24,3695.93,3929.08,3856.63,4018.95,4793.72,5388.06,5282.90,5695.98,6574.66,8030.05,7318.13,8000.38,9197.04,9291.24,9764.64,10366.36,9507.87,9965.73,10841.68,11643.46,11403.25,9005.46,9062.72,10216.29
Mexico,GDP per capita (current US$),4002.16,4487.26,5370.24,5555.71,6230.70,7232.91,7613.14,7650.93,7120.37,7525.49,8321.86,9125.39,9719.93,10119.82,8104.92,9399.96,10341.50,10376.09,10865.69,11076.13,9753.40,8875.08,9434.38,9857.01,10145.15,8655.00,10045.68,11091.31
Micronesia. Fed. Sts.,GDP per capita (current US$),2008.33,1972.60,1859.27,1964.64,1973.66,2088.21,2152.53,2165.49,2195.19,2155.78,2256.01,2298.64,2344.40,2420.75,2598.40,2760.01,2885.44,3023.59,2920.70,2928.45,2891.32,3022.65,3320.35,3623.33,3699.08,3639.41,3571.34,3741.06
Moldova,GDP per capita (current US$),593.59,575.15,657.29,578.73,399.50,440.54,507.40,570.80,682.32,897.18,1034.39,1183.02,1531.22,2110.55,1898.44,2436.80,2941.36,3044.81,3321.04,3289.17,2749.91,2847.64,3454.95,4156.96,4404.95,4376.24,5235.64,5562.61
Mongolia,GDP per capita (current US$),623.16,570.94,495.82,467.51,435.42,463.85,512.82,559.83,633.95,784.91,986.02,1322.64,1625.32,2134.95,1718.91,2660.29,3793.74,4402.30,4422.30,4211.94,3919.35,3690.76,3708.25,4165.02,4394.95,4041.17,4566.14,4946.75
Montenegro,GDP per capita (current US$),,,,,,1627.06,1909.60,2106.64,2789.16,3380.17,3674.62,4425.68,5976.39,7367.75,6727.11,6688.40,7328.79,6586.40,7188.86,7387.87,6517.19,7033.44,7803.36,8850.38,8909.65,7677.37,9465.97,9893.52
Morocco,GDP per capita (current US$),1455.95,1585.72,1416.90,1658.47,1627.14,1492.38,1500.36,1590.49,1936.09,2177.80,2237.58,2433.21,2751.42,3180.17,3118.14,3067.85,3302.45,3164.00,3377.64,3430.53,3139.23,3132.95,3288.50,3492.67,3498.58,3258.10,3795.39,3527.94
Mozambique,GDP per capita (current US$),185.95,239.86,281.38,311.05,344.70,318.34,296.29,303.67,328.53,387.48,422.64,442.56,491.10,574.77,531.03,481.27,605.27,667.72,672.20,680.38,594.23,430.99,462.70,504.54,508.16,454.06,491.84,541.45
Myanmar,GDP per capita (current US$),113.79,132.64,128.11,103.63,125.30,150.41,135.18,131.47,165.26,198.38,221.87,246.69,321.83,472.26,600.93,765.24,1086.84,1161.31,1195.94,1238.73,1224.56,1161.86,1175.20,1274.92,1295.20,1477.45,1210.54,1095.70
Namibia,GDP per capita (current US$),2478.25,2417.58,2453.87,2231.11,2175.45,2156.09,1916.26,1773.43,2571.98,3407.85,3692.75,4027.96,4394.52,4222.33,4322.63,5445.42,5873.06,6017.18,5463.03,5544.10,4965.67,4614.89,5453.57,5687.38,5126.18,4252.04,4919.19,4911.33
Nepal,GDP per capita (current US$),197.31,198.45,211.56,204.88,208.49,223.71,240.71,238.86,246.49,279.72,309.31,341.03,386.53,466.69,475.64,589.17,791.23,794.09,809.38,827.74,882.31,880.22,1027.97,1161.53,1185.68,1139.19,1229.39,1336.55
Netherlands,GDP per capita (current US$),29258.13,29006.81,26700.54,27885.81,28272.64,26214.50,26896.55,29343.24,35750.97,40436.62,41994.71,44900.94,51799.21,57879.94,52722.21,50999.75,54230.31,50070.14,52198.90,52900.54,45193.40,46039.11,48675.22,53044.53,52476.27,52162.57,57708.11,55985.40
New Caledonia,GDP per capita (current US$),18721.06,18257.22,16339.81,17324.25,17435.75,16039.17,15174.28,16885.89,21817.32,25770.53,26861.70,29604.05,36864.86,37353.74,35391.09,37494.90,40697.65,37294.02,38503.25,39675.57,32428.57,32286.91,33874.93,36495.20,34934.58,34700.98,36668.43,
New Zealand,GDP per capita (current US$),17399.93,18794.44,17473.65,14738.27,15322.22,13641.02,13882.87,16874.19,21913.71,25420.34,27751.07,26654.59,32479.98,31252.96,28209.36,33676.77,38387.63,39973.38,42976.65,44572.90,38630.73,40058.20,42910.97,43236.89,42796.43,41760.59,49996.42,48249.26
Nicaragua,GDP per capita (current US$),876.86,895.26,896.65,931.80,961.55,996.90,1025.11,993.38,999.89,1076.00,1158.88,1223.08,1323.84,1493.90,1438.10,1495.73,1644.80,1746.42,1794.78,1913.52,2025.33,2079.45,2127.28,1981.86,1905.64,1876.61,2064.93,2255.43
Niger,GDP per capita (current US$),234.62,237.01,218.25,243.52,225.95,192.88,203.53,223.35,263.09,281.33,316.37,331.10,384.72,472.18,458.42,471.61,507.60,525.05,548.16,560.75,481.11,497.04,514.54,567.33,550.96,564.82,590.63,533.03
Nigeria,GDP per capita (current US$),407.28,460.32,478.58,467.94,496.03,565.31,586.83,733.54,786.80,992.75,1250.41,1652.15,1876.41,2227.79,1883.89,2280.11,2504.88,2728.02,2976.76,3200.95,2679.55,2144.78,1941.88,2125.83,2334.02,2074.61,2065.75,2184.42
North Macedonia,GDP per capita (current US$),2372.54,2327.73,1959.56,1875.82,1915.39,1861.90,1823.02,1989.14,2440.48,2795.90,3072.68,3362.97,4079.39,4841.25,4584.71,4577.69,5098.09,4728.31,5241.05,5495.73,4861.56,5149.59,5450.50,6108.74,6070.39,5965.45,6694.64,6591.47
Norway,GDP per capita (current US$),34875.94,37321.93,36629.03,34803.47,36393.42,38178.06,38602.09,43170.67,50250.21,57768.41,67047.17,74434.11,85502.75,97503.54,80347.14,88163.21,101221.81,102175.92,103553.84,97666.70,74809.97,70867.36,76131.84,82792.84,76430.59,68340.02,90655.39,106148.78
Occ.Pal.Terr,GDP per capita (current US$),1326.56,1317.47,1389.16,1465.05,1499.49,1476.17,1335.55,1156.22,1257.70,1422.19,1543.70,1570.10,1664.25,2035.20,2191.78,2557.08,2880.80,3067.44,3315.30,3352.11,3272.15,3527.61,3620.36,3562.33,3656.86,3233.57,3678.64,3789.33
Oman,GDP per capita (current US$),6352.82,6913.15,7052.70,6139.73,6742.82,8321.39,8191.51,8380.04,8896.90,10030.44,12357.70,14533.73,16151.28,22974.28,17937.98,22552.20,24166.10,24722.64,23563.94,23121.21,18777.43,17082.21,17802.58,19887.57,19132.15,16707.62,19509.47,25056.79
Pakistan,GDP per capita (current US$),455.51,461.40,441.75,427.51,420.68,531.31,499.22,489.43,549.87,631.47,688.50,770.84,837.63,914.73,884.44,911.09,1075.45,1109.68,1126.04,1173.39,1282.44,1468.82,1567.64,1620.74,1437.17,1322.31,1505.01,1596.66
Palau,GDP per capita (current US$),,,,,,7416.48,7913.45,8220.49,7744.63,8297.90,9603.80,9805.92,10270.46,10380.27,9960.84,10029.29,10795.56,11835.38,12418.83,13580.01,15761.36,16743.38,16011.66,15948.28,15567.09,14016.25,12083.89,
Panama,GDP per capita (current US$),3524.88,3561.29,3775.57,4012.05,4121.56,4099.01,4084.26,4163.52,4304.11,4629.03,4953.13,5385.56,6205.82,7197.11,7618.44,8124.56,9403.44,10767.29,11932.29,12837.25,13669.56,14382.23,15185.97,16156.07,16472.83,13293.33,15491.29,17357.63
Papua New Guinea,GDP per capita (current US$),1004.25,1077.19,995.20,737.41,653.41,639.28,540.67,509.03,580.60,624.04,748.74,1245.47,1379.13,1635.04,1578.97,1879.24,2303.83,2653.09,2578.50,2742.25,2502.07,2332.68,2495.14,2584.33,2593.78,2446.08,2644.54,3020.27
Paraguay,GDP per capita (current US$),1968.35,2077.48,2068.21,1880.89,1758.26,1728.34,1630.19,1361.25,1436.76,1776.93,1960.51,2426.42,3194.26,4360.43,3920.19,4702.92,5773.00,5621.24,6435.83,6629.43,5861.39,5759.02,6136.06,6242.96,5807.84,5353.35,5959.44,6153.06
Peru,GDP per capita (current US$),2180.57,2218.32,2292.40,2149.70,1911.74,1941.32,1925.98,2003.97,2126.14,2393.67,2702.24,3123.32,3572.36,4184.89,4164.97,5047.20,5826.83,6475.72,6697.19,6614.83,6180.12,6163.86,6676.31,6912.10,6955.88,6063.63,6635.46,7125.83
Philippines,GDP per capita (current US$),1222.29,1334.11,1294.11,1000.01,1123.16,1073.26,991.15,1037.17,1049.39,1122.86,1245.29,1452.22,1741.60,1990.36,1893.28,2201.78,2431.20,2671.78,2847.57,2935.93,2974.30,3038.15,3077.43,3194.67,3413.85,3224.42,3460.54,3498.51
Poland,GDP per capita (current US$),3686.84,4147.47,4123.15,4518.11,4398.07,4501.48,4991.24,5207.13,5701.64,6681.31,8021.55,9035.53,11254.31,13995.78,11525.90,12504.25,13776.39,13010.76,13558.34,14181.95,12560.05,12378.81,13815.50,15504.51,15700.01,15816.82,17999.83,18321.28
Portugal,GDP per capita (current US$),11781.36,12185.09,11575.51,12199.21,12475.29,11526.37,11734.76,12936.69,15797.78,18064.16,18780.13,19839.45,22811.06,24949.04,23151.22,22520.64,23217.30,20563.71,21653.20,22103.70,19250.11,19991.97,21490.43,23562.55,23330.82,22242.41,24598.47,24274.52
Qatar,GDP per capita (current US$),15797.69,17116.83,20519.41,17651.55,20207.23,27494.77,25836.27,27151.03,31440.22,40792.28,52468.45,59978.86,64706.99,79811.60,60733.98,73021.31,92993.00,98041.36,97630.83,93126.15,66984.91,58467.24,59407.70,66264.08,62827.40,52315.66,66838.33,88046.32
Romania,GDP per capita (current US$),1650.05,1633.01,1577.34,1852.56,1599.91,1659.93,1825.19,2119.86,2679.41,3494.99,4618.00,5757.53,8360.34,10435.22,8548.05,8397.81,9560.16,8930.73,9497.21,10031.34,8976.96,9404.38,10727.97,12494.42,12958.00,13047.46,14927.12,15892.12
Russian Federation,GDP per capita (current US$),2665.78,2643.93,2737.57,1834.86,1330.76,1771.59,2100.35,2377.53,2975.12,4102.36,5323.46,6920.20,9101.24,11635.28,8562.82,10674.99,14311.06,15420.86,15974.62,14095.65,9313.02,8704.89,10720.33,11287.35,11536.26,10194.44,12593.16,15345.10
Rwanda,GDP per capita (current US$),227.46,205.84,241.51,251.35,269.31,255.09,239.12,234.81,249.56,270.30,325.02,358.11,427.42,529.52,564.97,594.11,650.94,706.14,704.42,724.73,733.82,728.81,756.55,768.96,806.13,773.82,821.23,966.33
Samoa,GDP per capita (current US$),1285.67,1414.20,1598.92,1493.95,1401.72,1406.77,1435.35,1509.89,1778.84,2168.03,2527.76,2639.81,3011.10,3344.05,3250.95,3494.40,3789.63,3902.31,3989.90,3948.73,4048.47,4105.81,4261.64,4189.05,4308.30,4042.72,3857.36,3743.21
Sao Tome and Principe,GDP per capita (current US$),,,,,,,519.30,568.41,663.92,726.60,843.96,861.52,878.14,1080.56,1054.42,1079.69,1244.27,1319.90,1551.19,1754.60,1571.50,1688.38,1805.52,1950.63,1991.74,2161.31,2360.54,2404.26
Saudi Arabia,GDP per capita (current US$),7588.76,8174.14,8323.83,7169.37,7697.27,8795.26,8337.32,8380.96,9321.80,10935.02,13462.76,14848.60,15756.19,18944.86,15064.63,17958.95,22441.57,24069.20,23945.51,23862.80,20442.37,19930.41,20910.48,24175.58,23405.71,20398.06,24160.68,30436.28
Senegal,GDP per capita (current US$),732.84,741.76,667.45,702.43,695.55,619.64,654.84,688.19,840.36,941.87,1003.19,1038.58,1210.17,1419.53,1323.97,1286.60,1383.54,1334.73,1391.53,1417.09,1238.13,1290.75,1385.20,1484.23,1462.68,1492.48,1633.56,1598.74
Serbia. FR(Serbia/Montenegro),GDP per capita (current US$),2207.45,2864.08,3380.04,2571.17,2571.30,914.79,1727.28,2283.85,3005.43,3502.80,3720.48,4382.62,5848.48,7101.04,6169.11,5735.42,6809.16,6015.95,6755.07,6600.06,5588.98,5765.20,6292.55,7252.40,7417.21,7733.80,9230.17,9393.63
Seychelles,GDP per capita (current US$),7180.67,7004.34,7746.70,8209.51,8243.24,8063.66,8153.30,8864.17,9070.29,10827.67,11802.11,12782.99,12669.30,11265.44,9748.96,10938.15,12113.88,12342.51,14729.63,15188.17,14894.49,15409.81,15961.24,16409.47,16851.12,12020.02,12963.06,15874.54
Sierra Leone,GDP per capita (current US$),201.37,216.62,193.01,151.10,149.58,138.71,221.30,240.51,255.97,258.47,286.29,320.51,358.08,402.55,386.43,400.54,443.45,558.18,706.45,702.34,581.29,515.45,484.46,519.65,506.61,493.43,504.62,461.36
Singapore,GDP per capita (current US$),24914.85,26232.87,26375.87,21829.28,21796.64,23852.83,21699.75,22159.83,23730.38,27608.07,29961.31,33768.45,39432.89,40008.58,38926.81,47236.67,53891.46,55547.55,56967.43,57564.80,55645.61,56895.64,61164.90,66836.54,66070.47,61274.01,77710.07,82807.65
Slovak Republic,GDP per capita (current US$),4819.13,5196.94,5146.67,5538.62,5645.58,5426.62,5722.17,6564.70,8731.94,10691.45,11690.11,13170.78,16106.06,18753.58,16597.21,16908.85,18509.74,17498.35,18276.01,18719.99,16390.88,16563.44,17585.20,19486.39,19381.59,19551.62,21782.86,21258.11
Slovenia,GDP per capita (current US$),10730.45,10815.11,10454.97,11175.77,11452.78,10201.30,10479.76,11777.16,14849.04,17233.14,18098.91,19672.97,23817.89,27595.60,24792.13,23532.48,25128.02,22641.81,23503.28,24247.17,20890.17,21678.36,23514.03,26123.75,26016.08,25545.24,29291.40,29457.40
Solomon Islands,GDP per capita (current US$),1251.22,1322.53,1326.17,1121.12,1164.10,976.43,929.87,768.49,905.58,991.99,1145.87,1250.95,1377.86,1504.53,1526.16,1662.00,1921.36,2087.64,2208.09,2235.73,2134.81,2196.28,2283.58,2450.48,2398.77,2222.46,2232.54,2203.19
South Africa,GDP per capita (current US$),3904.32,3654.93,3731.43,3336.44,3267.94,3241.66,2867.47,2708.42,4095.68,5268.28,5893.19,6139.58,6662.06,6251.88,6444.19,8059.56,8737.04,8173.87,7441.23,6965.14,6204.93,5735.07,6734.48,7048.51,6688.77,5741.64,7055.06,6776.48
Spain,GDP per capita (current US$),15471.96,16109.08,14730.80,15394.35,15720.64,14749.69,15369.00,17106.69,21510.84,24907.00,26429.15,28389.08,32591.35,35510.72,32169.50,30532.48,31677.90,28322.95,29077.18,29513.65,25754.36,26537.16,28185.32,30379.72,29581.52,26959.68,30103.51,29350.17
Sri Lanka,GDP per capita (current US$),716.80,758.51,818.03,850.99,838.56,869.75,832.43,865.30,978.17,1060.14,1240.52,1423.19,1611.18,2007.03,2053.77,2836.97,3248.04,3351.89,3643.83,3885.62,3990.35,4107.83,4388.20,4360.58,4082.69,3852.39,3994.25,3354.38
St. Kitts and Nevis,GDP per capita (current US$),7367.45,7748.67,8581.67,8665.10,9070.73,9275.99,9973.55,10398.53,10119.74,10882.35,11711.15,13747.81,14660.96,16491.89,16374.26,16427.62,17571.98,17293.81,18315.91,19945.39,20025.88,21095.25,22160.60,22548.15,23219.41,18566.02,18082.69,20176.75
St. Lucia,GDP per capita (current US$),5008.03,5123.69,5184.34,5593.75,5825.07,5846.98,5558.07,5562.46,6055.97,6494.60,6866.09,7618.91,7975.79,8528.68,8259.32,8672.13,9110.75,9231.66,9542.71,10007.19,10290.35,10574.30,11270.43,11563.87,11726.68,8458.08,9414.14,11481.50
St. Vincent and the Grenadines,GDP per capita (current US$),2767.77,2900.42,3043.25,3272.62,3427.51,3760.08,4066.07,4299.37,4500.93,4883.31,5176.13,5775.09,6439.01,6641.50,6503.10,6590.99,6566.48,6754.37,7117.55,7210.62,7386.74,7684.78,7996.66,8399.69,8680.24,8306.37,8360.10,9125.32
Suriname,GDP per capita (current US$),1591.73,1940.75,2045.59,2405.74,1883.89,1978.45,1711.71,2206.27,2529.26,2906.73,3474.12,5031.16,5562.33,6616.82,7176.86,7999.51,8009.25,8922.96,9124.54,9199.18,8907.84,5705.40,6112.88,6730.84,6690.04,4796.53,4869.13,5858.29
Sweden,GDP per capita (current US$),30283.10,32999.19,30312.51,30596.65,30940.97,29624.77,27247.76,29899.12,37321.78,42821.75,43437.13,46593.29,53700.24,56152.56,46946.84,52869.04,60755.76,58037.82,61126.94,60020.36,51545.48,51965.16,53791.51,54589.06,51939.43,52837.90,61143.22,55873.22
Switzerland,GDP per capita (current US$),50115.14,48092.25,41584.08,42680.19,41696.94,38864.04,39638.44,42458.53,49337.55,54659.64,56243.95,59008.99,64991.01,74175.88,71565.57,76531.37,90476.76,85836.21,87304.33,88724.99,83806.45,82153.07,82254.38,85216.64,84121.93,85656.32,91991.60,92101.47
Syrian Arab Republic,GDP per capita (current US$),3553.75,4184.29,4397.54,4542.95,4588.98,4941.85,5187.21,5276.06,5433.64,6241.06,7221.64,7914.77,8695.84,10155.97,10288.15,11304.64,2971.28,1910.60,993.74,1071.23,857.50,664.34,862.32,1111.87,1124.52,537.21,,
Tajikistan,GDP per capita (current US$),208.17,172.92,150.65,214.43,175.56,137.18,168.64,186.66,233.09,305.27,333.71,401.03,517.43,704.65,666.72,740.28,837.88,959.36,1038.32,1094.43,970.36,801.39,844.37,850.67,889.02,852.33,916.69,1054.19
Tanzania,GDP per capita (current US$),176.93,214.64,248.75,387.02,390.50,399.45,394.73,400.43,419.77,447.51,480.28,473.37,539.12,671.57,681.24,730.81,768.93,854.54,955.32,1012.98,929.11,942.88,975.92,1011.60,1050.93,1104.16,1146.03,1192.40
Thailand,GDP per capita (current US$),2848.62,3039.89,2462.41,1841.04,2028.57,2004.11,1889.97,2091.18,2350.85,2647.26,2876.25,3343.79,3934.69,4327.80,4154.19,4996.37,5396.64,5748.63,6041.13,5822.38,5708.79,5854.46,6436.79,7124.56,7628.58,7001.79,7060.90,6908.80
Togo,GDP per capita (current US$),415.78,447.93,443.54,456.21,440.14,404.82,391.52,439.13,530.39,551.85,542.82,544.01,598.31,725.85,717.68,709.14,779.76,759.90,826.43,853.01,760.24,787.28,814.42,873.56,848.30,875.25,964.05,918.38
Tonga,GDP per capita (current US$),2089.20,2216.68,2135.86,1889.67,1953.37,1996.52,1754.84,1760.67,1937.04,2195.99,2478.43,2751.96,2799.37,3221.08,2915.49,3416.11,3852.14,4378.57,4208.19,4125.43,4117.93,3978.44,4367.26,4649.61,4878.98,4605.97,4425.97,
Trinidad and Tobago,GDP per capita (current US$),4074.88,4385.12,4352.83,4569.65,5130.87,6120.95,6592.76,6692.82,8352.46,9756.51,11673.86,13340.92,15627.29,20011.15,13682.76,15711.54,17910.32,18961.23,19821.53,20327.98,18389.53,15991.11,16094.67,16164.16,15690.96,13871.80,16032.50,18222.26
Tunisia,GDP per capita (current US$),1940.03,2076.99,2170.57,2253.03,2344.00,2170.51,2207.66,2292.48,2693.20,3029.85,3106.58,3279.10,3678.06,4200.17,4029.46,4241.01,4361.95,4233.92,4308.34,4398.64,3960.92,3796.11,3569.72,3577.17,3477.84,3497.73,3807.18,3776.67
Turkey,GDP per capita (current US$),2855.04,3009.67,3098.67,4433.35,4057.82,4278.27,3100.46,3640.76,4704.77,6031.79,7369.43,8003.81,9668.40,10802.60,8989.74,10614.98,11308.37,11697.47,12507.80,12020.35,10851.92,10734.26,10464.01,9400.84,9103.01,8561.06,9661.23,10616.06
Turkmenistan,GDP per capita (current US$),587.28,553.06,561.53,587.99,544.44,635.71,762.61,949.58,1256.03,1418.81,1658.67,2074.41,2520.29,3778.67,3901.67,4286.88,5453.16,6441.89,7049.80,7685.51,6208.30,6163.25,6354.53,6721.35,7180.46,7297.18,,
Turks and Caicos Isl.,GDP per capita (current US$),,,,,,,18323.87,17803.08,18848.78,21233.93,24115.27,28728.57,29446.08,31459.54,24602.91,23103.94,23649.71,22666.41,22451.57,24040.87,25783.29,26995.03,25659.20,26831.97,27795.15,20882.26,23158.64,24917.60
Tuvalu,GDP per capita (current US$),1150.31,1283.45,1318.91,1324.21,1419.83,1564.02,1451.48,1752.80,2012.45,2328.49,2311.34,2402.48,2803.25,3103.04,2697.64,3043.17,3663.27,3624.98,3536.90,3556.38,3384.38,3836.07,4181.44,4419.26,4940.05,4674.91,5372.76,5334.99
Uganda,GDP per capita (current US$),278.32,284.46,286.57,292.17,257.68,257.83,235.85,241.87,250.69,292.47,330.60,346.77,401.71,473.30,799.93,824.74,837.10,796.71,819.76,897.51,864.18,753.68,766.18,793.13,823.02,846.88,883.47,964.22
Ukraine,GDP per capita (current US$),935.96,872.71,991.24,835.24,635.76,658.34,807.80,911.91,1087.79,1416.60,1894.46,2391.32,3197.93,4066.53,2639.38,3078.41,3704.84,4004.79,4187.74,3104.65,2124.66,2187.73,2638.33,3096.56,3661.46,3751.74,4827.85,4533.98
United Arab Emirates,GDP per capita (current US$),27010.68,28596.51,28709.25,25905.84,27261.91,31855.50,29909.01,30221.97,32607.37,37017.74,42190.55,45339.59,43918.38,45140.77,31722.59,34165.91,40893.02,44386.79,45729.61,46865.96,41525.14,41054.54,43063.97,46722.27,45376.17,37629.17,44315.55,53757.86
United Kingdom,GDP per capita (current US$),23203.63,24441.92,26779.78,28296.76,28788.97,28289.65,27888.61,30078.61,34480.94,40392.26,42131.83,44537.71,50438.23,47432.88,38820.01,39693.19,42150.70,42485.59,43449.09,47447.59,45071.07,41146.08,40622.69,43306.31,42747.08,40318.42,46585.90,45850.43
United States,GDP per capita (current US$),28690.88,29967.71,31459.14,32853.68,34515.39,36329.96,37133.62,37997.76,39490.27,41724.63,44123.41,46302.00,48050.22,48570.05,47194.94,48650.64,50065.97,51784.42,53291.13,55123.85,56762.73,57866.74,59907.75,62823.31,65120.39,63528.63,70219.47,76398.59
Uruguay,GDP per capita (current US$),6014.92,6358.16,7386.51,7780.68,7314.49,6932.48,6331.16,4115.15,3638.94,4130.10,5233.46,5942.13,7149.37,9328.07,9780.74,12512.59,14975.56,16087.25,18140.89,18131.58,16950.75,16837.94,18995.40,19026.05,18098.36,15650.50,17924.00,20795.04
Uzbekistan,GDP per capita (current US$),585.93,600.60,623.00,623.22,702.48,558.23,456.71,383.34,396.38,465.12,546.78,654.28,830.41,1082.29,1213.27,1742.35,2051.13,2267.62,2419.72,2628.46,2753.97,2704.68,1916.76,1604.26,1795.20,1759.31,1993.42,2255.15
Vanuatu,GDP per capita (current US$),1461.41,1495.99,1524.96,1432.61,1429.89,1416.20,1309.05,1299.18,1517.29,1718.26,1814.82,1970.90,2261.46,2525.08,2472.46,2732.55,3064.75,2906.34,2877.44,2861.20,2643.89,2757.20,3032.20,3076.84,3076.59,2917.76,3044.57,3010.29
Venezuela,GDP per capita (current US$),3500.63,3125.24,3725.99,3886.04,4087.83,4795.63,4940.11,3667.20,3243.37,4287.63,5456.32,6769.87,8369.24,11310.78,11641.80,13692.91,10877.11,12937.93,12433.98,15975.73,,,,,,,,
Vietnam,GDP per capita (current US$),281.13,329.00,352.93,352.78,367.16,394.58,409.50,434.81,485.45,551.90,693.19,790.59,913.31,1158.10,1225.85,1684.01,1953.56,2190.23,2367.50,2558.78,2595.23,2760.72,2992.07,3267.23,3491.09,3586.35,3756.49,4163.51
Yemen,GDP per capita (current US$),264.47,348.23,399.71,359.22,421.82,518.15,515.14,543.96,583.39,669.10,785.45,867.78,956.23,1153.54,1045.81,1249.06,1284.62,1349.99,1497.75,1557.60,1488.42,1069.82,893.72,701.71,693.82,583.88,603.71,676.93
Zambia,GDP per capita (current US$),438.38,404.09,471.17,377.46,353.83,364.03,401.73,399.10,452.29,556.05,720.45,1065.60,1133.44,1393.52,1150.94,1469.36,1644.46,1729.65,1840.32,1724.58,1307.91,1249.92,1495.75,1475.20,1268.12,956.83,1137.34,1487.91
Zimbabwe,GDP per capita (current US$),646.83,765.17,750.68,554.36,585.33,565.28,569.00,529.19,474.30,477.40,470.78,441.50,425.04,351.84,762.30,937.84,1082.62,1290.19,1408.37,1407.03,1410.33,1421.79,1192.11,2269.18,1421.87,1372.70,1773.92,1267.00
